<ImportExportXml xmlns:xsi="http://www.w3.org/2001/XMLSchema-instance">
  <Entities></Entities>
  <Roles></Roles>
  <Workflows></Workflows>
  <FieldSecurityProfiles></FieldSecurityProfiles>
  <Templates />
  <EntityMaps />
  <EntityRelationships />
  <OrganizationSettings />
  <optionsets />
  <CustomControls />
  <EntityDataProviders />
  <CanvasApps>
    <CanvasApp>
      <Name>cr33a_newenvironmentrequestform_251ab</Name>
      <AppVersion>2022-09-21T15:30:55Z</AppVersion>
      <Status>Ready</Status>
      <CreatedByClientVersion>3.22091.11.0</CreatedByClientVersion>
      <MinClientVersion>3.22091.11.0</MinClientVersion>
      <Tags>{"primaryDeviceWidth":"1366","primaryDeviceHeight":"768","supportsPortrait":"true","supportsLandscape":"true","primaryFormFactor":"Tablet","publisherVersion":"3.22091.11","minimumRequiredApiVersion":"2.2.0","hasComponent":"false","hasUnlockedComponent":"false","isUnifiedRootApp":"false","sienaVersion":"20220921T153055Z-3.22091.11.0"}</Tags>
      <IsCdsUpgraded>0</IsCdsUpgraded>
      <GalleryItemId xsi:nil="true"></GalleryItemId>
      <BackgroundColor>RGBA(0,176,240,1)</BackgroundColor>
      <DisplayName>New Environment Request Form</DisplayName>
      <Description xsi:nil="true"></Description>
      <CommitMessage xsi:nil="true"></CommitMessage>
      <Publisher xsi:nil="true"></Publisher>
      <AuthorizationReferences>[]</AuthorizationReferences>
      <ConnectionReferences>{"1a0d0848-c4d0-45f7-b859-2e2266d3bcbe":{"id":"/providers/microsoft.powerapps/apis/shared_office365users","displayName":"Office 365 Users","iconUri":"https://connectoricons-prod.azureedge.net/releases/v1.0.1593/1.0.1593.2980/office365users/icon.png","dataSources":["Office365Users"],"dependencies":[],"dependents":[],"parameterHints":{},"parameterHintsV2":{},"isOnPremiseConnection":false,"bypassConsent":false,"dataSets":{},"apiTier":"Standard"},"0fa9e3de-f982-426e-9736-bd63a5bd14c7":{"id":"/providers/microsoft.powerapps/apis/shared_office365groups","displayName":"Office 365 Groups","iconUri":"https://connectoricons-prod.azureedge.net/releases/v1.0.1588/1.0.1588.2938/office365groups/icon.png","dataSources":["Office365Groups"],"dependencies":[],"dependents":["7a0fe29f-8dd2-4250-936a-17c2e356151b"],"parameterHints":{},"parameterHintsV2":{},"isOnPremiseConnection":false,"bypassConsent":false,"dataSets":{},"apiTier":"Standard"},"7a0fe29f-8dd2-4250-936a-17c2e356151b":{"id":"/providers/microsoft.powerapps/apis/shared_logicflows","displayName":"Logic flows","iconUri":"https://connectoricons-prod.azureedge.net/releases/v1.0.1534/1.0.1534.2605/logicflows/icon.png","dataSources":["GetGroups"],"dependencies":["0fa9e3de-f982-426e-9736-bd63a5bd14c7"],"dependents":[],"parameterHints":{"workflowName":{"value":"6a2bf3eb-7219-4edc-acc3-f006a056f27a"},"workflowEntityId":{},"0fa9e3de-f982-426e-9736-bd63a5bd14c7":{"value":"shared_office365groups"}},"parameterHintsV2":{"workflowName":{"value":"6a2bf3eb-7219-4edc-acc3-f006a056f27a"},"workflowEntityId":{},"shared_office365groups":{"value":"0fa9e3de-f982-426e-9736-bd63a5bd14c7"}},"isOnPremiseConnection":false,"bypassConsent":false,"dataSets":{},"apiTier":"Standard","actions":["Run"]}}</ConnectionReferences>
      <DatabaseReferences>{"default.cds":{"databaseDetails":{"referenceType":"Environmental","environmentName":"default.cds","overrideValues":{"status":"NotSpecified"}},"dataSources":{"Environment Creation Requests":{"entitySetName":"coe_environmentcreationrequests","logicalName":"coe_environmentcreationrequest"},"Environments":{"entitySetName":"admin_environments","logicalName":"admin_environment"}}}}</DatabaseReferences>
      <AppComponents>[]</AppComponents>
      <AppComponentDependencies>[]</AppComponentDependencies>
      <CanConsumeAppPass>1</CanConsumeAppPass>
      <CanvasAppType>0</CanvasAppType>
      <BypassConsent>0</BypassConsent>
      <AdminControlBypassConsent>0</AdminControlBypassConsent>
      <EmbeddedApp xsi:nil="true"></EmbeddedApp>
      <IntroducedVersion>1.0</IntroducedVersion>
      <CdsDependencies>{"cdsdependencies":[{"logicalname":"coe_environmentcreationrequest","componenttype":1},{"logicalname":"admin_environment","componenttype":1}]}</CdsDependencies>
      <IsCustomizable>1</IsCustomizable>
      <BackgroundImageUri>/CanvasApps/cr33a_newenvironmentrequestform_251ab_BackgroundImageUri</BackgroundImageUri>
      <DocumentUri>/CanvasApps/cr33a_newenvironmentrequestform_251ab_DocumentUri.msapp</DocumentUri>
    </CanvasApp>
  </CanvasApps>
  <Languages>
    <Language>1033</Language>
  </Languages>
</ImportExportXml>