{"schemaVersion":"1.0","appDefinitionTemplate":{"id":"/providers/Microsoft.PowerApps/apps/","type":"Microsoft.PowerApps/apps","tags":{"primaryDeviceWidth":"1366","primaryDeviceHeight":"768","supportsPortrait":"true","supportsLandscape":"true","primaryFormFactor":"Tablet","publisherVersion":"3.22084.17","minimumRequiredApiVersion":"2.2.0","hasComponent":"false","hasUnlockedComponent":"false","isUnifiedRootApp":"false","sienaVersion":"20220907T172458Z-3.22084.17.0"},"properties":{"appVersion":"2022-09-07T17:24:58Z","lifeCycleId":"Published","createdByClientVersion":{"major":3,"minor":22084,"build":17,"revision":0,"majorRevision":0,"minorRevision":0},"minClientVersion":{"major":3,"minor":22084,"build":17,"revision":0,"majorRevision":0,"minorRevision":0},"backgroundColor":"RGBA(0,176,240,1)","backgroundImageUri":"/12222053239173409172/Nbc0559ad-5699-4ea3-b8d9-7003ba585831-logoSmallFile","displayName":"New Environment Request Form","description":"","commitMessage":"","appUris":{"documentUri":{"value":"/12222053239173409172/N4ce3df8a-8509-442c-ad7c-cbae8d60dd5b-document.msapp"},"imageUris":[],"additionalUris":[]},"createdTime":"0001-01-01T00:00:00Z","lastModifiedTime":"0001-01-01T00:00:00Z","sharedGroupsCount":0,"sharedUsersCount":0,"icons":{"smallIconUri":"/12222053239173409172/N3825da63-dc2f-433b-b532-17c19934be0e-small.png","mediumIconUri":"/12222053239173409172/Neaf8b957-6a9e-4c77-845e-ae0fc8b87e91-medium.png","largeIconUri":"/12222053239173409172/Nf9e35a7f-209c-4ee8-9cfa-0be7c8da718f-large.png","wideIconUri":"/12222053239173409172/N66df5f4d-c72e-44f5-8d51-6ccf77bfab91-wide.png"},"connectionReferences":{"1a0d0848-c4d0-45f7-b859-2e2266d3bcbe":{"id":"360dc2f6-cfb5-4c4b-a21c-629501fe633c","displayName":"Office 365 Users","iconUri":"https://connectoricons-prod.azureedge.net/releases/v1.0.1587/1.0.1587.2924/office365users/icon.png","dataSources":["Office365Users"],"dependencies":[],"dependents":[],"parameterHints":{},"parameterHintsV2":{},"isOnPremiseConnection":false,"bypassConsent":false,"dataSets":{},"apiTier":"Standard","isCustomApiConnection":false},"0fa9e3de-f982-426e-9736-bd63a5bd14c7":{"id":"70410bdc-18d6-4e88-b539-545ff81cad2e","displayName":"Office 365 Groups","iconUri":"https://connectoricons-prod.azureedge.net/releases/v1.0.1588/1.0.1588.2938/office365groups/icon.png","dataSources":["Office365Groups"],"dependencies":[],"dependents":[],"parameterHints":{},"parameterHintsV2":{},"isOnPremiseConnection":false,"bypassConsent":false,"dataSets":{},"apiTier":"Standard","isCustomApiConnection":false,"actions":["ListOwnedGroups_V3"]}},"databaseReferences":{"default.cds":{"databaseDetails":{"referenceType":"Environmental","environmentName":"default.cds","overrideValues":{"status":"NotSpecified"}},"dataSources":{"Environment Creation Requests":{"entitySetName":"coe_environmentcreationrequests","logicalName":"coe_environmentcreationrequest"},"Environments":{"entitySetName":"admin_environments","logicalName":"admin_environment"}},"actions":["providers/PowerPlatform.Governance/Operations/Read"]}},"almMode":"Environment","performanceOptimizationEnabled":false,"canConsumeAppPass":true,"enableModernRuntimeMode":false,"executionRestrictions":{"isTeamsOnly":false,"dataLossPreventionEvaluationResult":{"status":"Compliant","lastEvaluationDate":"2022-09-06T19:23:20.9518332Z","violations":[],"violationsByPolicy":[],"violationErrorMessage":"The app uses the following connectors: shared_office365users, shared_office365groups, shared_commondataservice."}}},"appType":"ClassicCanvasApp","appComponents":[]}}